Workbook

Sheet raw_data
A1: Job | B1: Salary | C1: Growth | D1: WLB | E1: Stability | F1: Skills | G1: Reputation
A2: SQL Data Analyst - Service Company | B2: 4 | C2: 5 | D2: 3 | E2: 4 | F2: 5 | G2: 3
A3: Data Analyst - MNC | B3: 5 | C3: 3 | D3: 2 | E3: 5 | F3: 4 | G3: 4
A4: Junior Data Analyst - Startup | B4: 3 | C4: 4 | D4: 5 | E4: 3 | F4: 3 | G4: 5

Sheet calculations
A1: Weights | D1: Weighted Scores | M1: Ranking
A2: Factor | B2: Weight | D2: Job | E2: Salary | F2: Growth | G2: WLB | H2: Stability | I2: Skills | J2: Reputation | K2: Total Score | M2: Job | N2: Total Score | O2: Rank
A3: Salary | B3: 5 | D3: {=raw_data!A2:A4} -> SQL Data Analyst - Service Company | E3: =raw_data!B2*calculations!B$3 -> 20 | F3: =raw_data!C2*calculations!B$4 -> 20 | G3: =raw_data!D2*calculations!B$5 -> 9 | H3: =raw_data!E2*calculations!B$6 -> 16 | I3: =raw_data!F2*calculations!B$7 -> 25 | J3: =raw_data!G2*calculations!B$8 -> 9 | K3: =SUM(E3:J3) -> 99 | M3: {=_xlfn.ANCHORARRAY(D3)} -> SQL Data Analyst - Service Company | N3: {=K3:K5} -> 99 | O3: =RANK(N3,_xlfn.ANCHORARRAY($N$3),0) -> 1
A4: Growth | B4: 4 | D4: Data Analyst - MNC | E4: =raw_data!B3*calculations!B$3 -> 25 | F4: =raw_data!C3*calculations!B$4 -> 12 | G4: =raw_data!D3*calculations!B$5 -> 6 | H4: =raw_data!E3*calculations!B$6 -> 20 | I4: =raw_data!F3*calculations!B$7 -> 20 | J4: =raw_data!G3*calculations!B$8 -> 12 | K4: =SUM(E4:J4) -> 95 | M4: Data Analyst - MNC | N4: 95 | O4: =RANK(N4,_xlfn.ANCHORARRAY($N$3),0) -> 2
A5: WLB | B5: 3 | D5: Junior Data Analyst - Startup | E5: =raw_data!B4*calculations!B$3 -> 15 | F5: =raw_data!C4*calculations!B$4 -> 16 | G5: =raw_data!D4*calculations!B$5 -> 15 | H5: =raw_data!E4*calculations!B$6 -> 12 | I5: =raw_data!F4*calculations!B$7 -> 15 | J5: =raw_data!G4*calculations!B$8 -> 15 | K5: =SUM(E5:J5) -> 88 | M5: Junior Data Analyst - Startup | N5: 88 | O5: =RANK(N5,_xlfn.ANCHORARRAY($N$3),0) -> 3
A6: Stability | B6: 4
A7: Skills | B7: 5
A8: Reputation | B8: 3 | M8: Factor Contribution
D9: Best Job | M9: Job | N9: Salary | O9: Growth | P9: WLB | Q9: Stability | R9: Skills | S9: Reputation
D10: =INDEX(M3:M5,MATCH(MAX(N3:N5),N3:N5,0)) -> SQL Data Analyst - Service Company | M10: SQL Data Analyst - Service Company | N10: =E3/$K3 -> 0.2020202 | O10: =F3/$K3 -> 0.2020202 | P10: =G3/$K3 -> 0.090909091 | Q10: =H3/$K3 -> 0.16161616 | R10: =I3/$K3 -> 0.25252525 | S10: =J3/$K3 -> 0.090909091
D12: Worst Job
D13: =INDEX(M3:M5,MATCH(MIN(N3:N5),N3:N5,0)) -> Junior Data Analyst - Startup

Sheet analysis
A1: Job Offer Decision Analysis Dashboard
A3: Best Job | B3: =calculations!D10 -> SQL Data Analyst - Service Company | D3: Ranking
A4: Worst Job | B4: =calculations!D13 -> Junior Data Analyst - Startup | D4: {=calculations!M2:O5} -> Job | E4: Total Score | F4: Rank
A5: Top Score | B5: =MAX(calculations!N3:N5) -> 99 | D5: SQL Data Analyst - Service Company | E5: 99 | F5: 1
A6: Score Gap | B6: =MAX(calculations!N3:N5)-calculations!N4 -> 4 | D6: Data Analyst - MNC | E6: 95 | F6: 2
A7: Decision Confidence | B7: =IF(B6>10,"High",IF(B6>5,"Medium","Low")) -> Low | D7: Junior Data Analyst - Startup | E7: 88 | F7: 3
A9: Factor Contribution
A10: Job | B10: =INDEX(D5:D7,MATCH(MAX(E5:E7),E5:E7,0)) -> SQL Data Analyst - Service Company
A11: Skills | B11: =INDEX(calculations!I3:I5,MATCH(analysis!$B$10,calculations!D3:D5,0)) -> 25
A12: Salary | B12: =INDEX(calculations!E3:E5,MATCH(analysis!$B$10,calculations!D3:D5,0)) -> 20
A13: Growth | B13: =INDEX(calculations!F3:F5,MATCH(analysis!$B$10,calculations!D3:D5,0)) -> 20
A14: Stability | B14: =INDEX(calculations!H3:H5,MATCH(analysis!$B$10,calculations!D3:D5,0)) -> 16
A15: WLB | B15: =INDEX(calculations!G3:G5,MATCH(analysis!$B$10,calculations!D3:D5,0)) -> 9
A16: Reputation | B16: =INDEX(calculations!J3:J5,MATCH(analysis!$B$10,calculations!D3:D5,0)) -> 9
A22: INSIGHTS:
A24: • SQL Data Analyst – Service Company ranks highest (Score: 99) driven by strong Skills (25), Salary (20), and Growth (20)
A26: • Data Analyst – MNC is a close second (Score: 95) with strong Stability and Salary but weaker Work-Life Balance and Growth
A28: • Junior Data Analyst – Startup ranks lowest (Score: 88) due to lower Stability and Salary despite better Work-Life Balance
A30: • Skills and Salary are the most influential factors in the final decision due to highest weights
A32: • Score gap between top and second option is small (4 points), indicating competitive alternatives
A34: RECOMMENDATIONS:
A36: • Choose SQL Data Analyst – Service Company as it offers the best balance of high-value factors (Skills, Salary, Growth)
A38: • Consider Data Analyst – MNC if stability and structured environment are higher priority
A40: • Avoid Junior Data Analyst – Startup unless preference is strong for Work-Life Balance and flexibility
A42: • Decision confidence is high, but close score gap suggests decision may vary with slight changes in priorities
A44: • Re-evaluate decision if weights shift (e.g., higher importance to WLB or Reputation)
