Workbook

Sheet raw_data
A1: employee_name | B1: week | C1: hourly_wage | D1: hours_worked
A2: Samuel Rachene | B2: Week 1 | C2: 22 | D2: 40
A3: Samuel Rachene | B3: Week 2 | C3: 22 | D3: 42
A4: Samuel Rachene | B4: Week 3 | C4: 22 | D4: 38
A5: Samuel Rachene | B5: Week 4 | C5: 22 | D5: 41
A6: Eugena Esser | B6: Week 1 | C6: 18 | D6: 38
A7: Eugena Esser | B7: Week 2 | C7: 18 | D7: 36
A8: Eugena Esser | B8: Week 3 | C8: 18 | D8: 40
A9: Eugena Esser | B9: Week 4 | C9: 18 | D9: 39
A10: Michel Averette | B10: Week 1 | C10: 15 | D10: 42
A11: Michel Averette | B11: Week 2 | C11: 15 | D11: 45
A12: Michel Averette | B12: Week 3 | C12: 15 | D12: 44
A13: Michel Averette | B13: Week 4 | C13: 15 | D13: 46
... A41: Necole Victory | B41: Week 4 | C41: 21 | D41: 44

Sheet calculations
A1: employee_name | B1: week | C1: hourly_wage | D1: hours_worked | E1: overtime_hours | F1: base_pay | G1: overtime_bonus | H1: total_pay
A2: {=Table2[]} -> Samuel Rachene | B2: Week 1 | C2: 22 | D2: 40 | E2: =IF(D2>40,D2-40,0) -> 0 | F2: =C2*D2 -> 880 | G2: =0.5*C2*E2 -> 0 | H2: =F2+G2 -> 880
A3: Samuel Rachene | B3: Week 2 | C3: 22 | D3: 42 | E3: =IF(D3>40,D3-40,0) -> 2 | F3: =C3*D3 -> 924 | G3: =0.5*C3*E3 -> 22 | H3: =F3+G3 -> 946
A4: Samuel Rachene | B4: Week 3 | C4: 22 | D4: 38 | E4: =IF(D4>40,D4-40,0) -> 0 | F4: =C4*D4 -> 836 | G4: =0.5*C4*E4 -> 0 | H4: =F4+G4 -> 836
A5: Samuel Rachene | B5: Week 4 | C5: 22 | D5: 41 | E5: =IF(D5>40,D5-40,0) -> 1 | F5: =C5*D5 -> 902 | G5: =0.5*C5*E5 -> 11 | H5: =F5+G5 -> 913
A6: Eugena Esser | B6: Week 1 | C6: 18 | D6: 38 | E6: =IF(D6>40,D6-40,0) -> 0 | F6: =C6*D6 -> 684 | G6: =0.5*C6*E6 -> 0 | H6: =F6+G6 -> 684
A7: Eugena Esser | B7: Week 2 | C7: 18 | D7: 36 | E7: =IF(D7>40,D7-40,0) -> 0 | F7: =C7*D7 -> 648 | G7: =0.5*C7*E7 -> 0 | H7: =F7+G7 -> 648
A8: Eugena Esser | B8: Week 3 | C8: 18 | D8: 40 | E8: =IF(D8>40,D8-40,0) -> 0 | F8: =C8*D8 -> 720 | G8: =0.5*C8*E8 -> 0 | H8: =F8+G8 -> 720
A9: Eugena Esser | B9: Week 4 | C9: 18 | D9: 39 | E9: =IF(D9>40,D9-40,0) -> 0 | F9: =C9*D9 -> 702 | G9: =0.5*C9*E9 -> 0 | H9: =F9+G9 -> 702
A10: Michel Averette | B10: Week 1 | C10: 15 | D10: 42 | E10: =IF(D10>40,D10-40,0) -> 2 | F10: =C10*D10 -> 630 | G10: =0.5*C10*E10 -> 15 | H10: =F10+G10 -> 645
A11: Michel Averette | B11: Week 2 | C11: 15 | D11: 45 | E11: =IF(D11>40,D11-40,0) -> 5 | F11: =C11*D11 -> 675 | G11: =0.5*C11*E11 -> 37.5 | H11: =F11+G11 -> 712.5
A12: Michel Averette | B12: Week 3 | C12: 15 | D12: 44 | E12: =IF(D12>40,D12-40,0) -> 4 | F12: =C12*D12 -> 660 | G12: =0.5*C12*E12 -> 30 | H12: =F12+G12 -> 690
A13: Michel Averette | B13: Week 4 | C13: 15 | D13: 46 | E13: =IF(D13>40,D13-40,0) -> 6 | F13: =C13*D13 -> 690 | G13: =0.5*C13*E13 -> 45 | H13: =F13+G13 -> 735
A14: Renetta Carew | B14: Week 1 | C14: 20 | D14: 36 | E14: =IF(D14>40,D14-40,0) -> 0 | F14: =C14*D14 -> 720 | G14: =0.5*C14*E14 -> 0 | H14: =F14+G14 -> 720
... A41: Necole Victory | B41: Week 4 | C41: 21 | D41: 44 | E41: =IF(D41>40,D41-40,0) -> 4 | F41: =C41*D41 -> 924 | G41: =0.5*C41*E41 -> 42 | H41: =F41+G41 -> 966

Sheet analysis
B1: PAYROLL ANALYSIS
B2: Metric | C2: Value | E2: Employee Name | F2: Total Pay | H2: Employee Name | I2: Overtime Hours
B3: Total Payroll | C3: =SUM(calculations!H:H) -> 37220 | E3: Lavera Oles | F3: 5250 | H3: Cara Clarke | I3: 26
B4: Total Overtime Cost | C4: =SUM(calculations!G:G) -> 870 | E4: Cara Clarke | F4: 4975 | H4: Michel Averette | I4: 17
B5: Average Pay | C5: =AVERAGE(calculations!H:H) -> 930.5 | E5: Elba Felder | F5: 4212 | H5: Necole Victory | I5: 16
B6: Highest Paid Employee | C6: =INDEX(calculations!A:A,MATCH(MAX(calculations!H:H,),calculations!H:H,0)) -> Lavera Oles | E6: Necole Victory | F6: 3864 | H6: Lavera Oles | I6: 10
B7: Employee with Highest Overtime Hours | C7: =INDEX(calculations!A:A,MATCH(MAX(calculations!E:E),calculations!E:E,0)) -> Cara Clarke | E7: Sibyl Lauria | F7: 3648 | H7: Shawanda Selke | I7: 7
B8: Highest Payroll Week | C8: =INDEX(B11:B14,MATCH(MAX(C11:C14),C11:C14,0)) -> Week 4 | E8: Samuel Rachene | F8: 3575 | H8: Samuel Rachene | I8: 3
E9: Shawanda Selke | F9: 3239.5 | H9: Elba Felder | I9: 0
B10: Week | C10: Total Pay | E10: Renetta Carew | F10: 2920 | H10: Sibyl Lauria | I10: 0
B11: Week 1 | C11: 9160.5 | E11: Michel Averette | F11: 2782.5 | H11: Eugena Esser | I11: 0
B12: Week 2 | C12: 9401.5 | E12: Eugena Esser | F12: 2754 | H12: Renetta Carew | I12: 0
B13: Week 3 | C13: 9164
B14: Week 4 | C14: 9494
